insert into branch (branch_name, city) values ('branch1', 'bei jing');

insert into branch (branch_name, city) values ('branch2', 'shang hai');

insert into department (department_id, department_name, department_type) values ('D001', 'test_d_name', 'test_d_type');

insert into employee (employee_id, department_id, name, phone, address, is_manager, start_work_date) values ('E001', 'D001', 'Reina', 'AGELOWV5YK361HJH', 'GC1RXHX 2LDH WD90S16682ICOCG9P6LS 822B36CS9544R4 FOSEXFNC8ML7REV', 1, '571-5-18');

insert into employee (employee_id, department_id, name, phone, address, is_manager, start_work_date) values ('E002', 'D001', 'Kagura', 'N W4I0O8U19J8G82', 'GHJPCY2G T2FGXOXFGR CJPL6YJ2C0D97G IAJKYG5DAXFDAM6NDR MLX9Q3VTSL', 0, '777-2-5');

insert into employee (employee_id, department_id, name, phone, address, is_manager, start_work_date) values ('E003', 'D001', 'Vivi', 'YMQH4L6QPGR6FA0G', '0UQ3XYQSA2J1BFX7S7BRAMC64O7AH6YE6U979I0U5D9UDWK4R6U0QF6K8 UG8BKY', 0, '236-8-23');

insert into client (client_id, name, phone, address, contact_name, contact_phone, contact_email, relation) values ('C001', 'Migasa', '114511', 'MO0BJ0 1FDKKF 1KU8X5AUJ7RHDBVOEE6EKG2SNF8QKTWQ55RH6J70FPLH9N1JLG', 'contactname', '10011', 'test1@gmail.com', 'npy');

insert into client (client_id, name, phone, address, contact_name, contact_phone, contact_email, relation) values ('C002', 'Tatakei', '911', 'EKEAFHFV7ECY3YOTCR06G77OIP6OMFOTQ7LJMAX RB4JO0U4CA0LK32UNV9AAN0N', 'contactname', '10011', 'test2@gmail.com', 'mpy');

insert into client (client_id, name, phone, address, contact_name, contact_phone, contact_email, relation) values ('C003', 'Yuyichi', '114512', '3Q5LPDYLVYXRA57PVPI12BG1R3E0QEA5Y SKQRMJ 3JGNHJFQ1LEKB582WB NSFR', 'contactname', '10011', 'test3@gmail.com', 'cpy');

insert into client (client_id, name, phone, address, contact_name, contact_phone, contact_email, relation) values ('C004', 'Vanila', '888888', 'NT0JQRUK8URRBVV29317MB R1U QKNKXXXPBC7QMV0GNKW2FIFVDS5K2SVDRX3GK', 'contactname', '10011', 'tes4t@gmail.com', 'kpy');

insert into client (client_id, name, phone, address, contact_name, contact_phone, contact_email, relation) values ('C005', 'Chocola', '23333', 'KGSC3ODVCHSVC5JC2XV IC3O7D4LEHIOVR9RUR8AXOVB3AEPH6H27WMNCE6HJIYQ', 'contactname', '10011', 'test5@gmail.com', 'tpy');

insert into saving_account (account_id, branch_name, balance, open_date, rate, currency_type) values ('SA01', 'branch1', 21, '2022-01-01', 0.01, 1);
insert into saving_account (account_id, branch_name, balance, open_date, rate, currency_type) values ('SA02', 'branch1', 22, '2022-02-01', 0.01, 1);
insert into saving_account (account_id, branch_name, balance, open_date, rate, currency_type) values ('SA03', 'branch1', 23, '2022-03-01', 0.01, 1);
insert into saving_account (account_id, branch_name, balance, open_date, rate, currency_type) values ('SA04', 'branch1', 24, '2022-04-01', 0.01, 1);
insert into saving_account (account_id, branch_name, balance, open_date, rate, currency_type) values ('SA05', 'branch1', 25, '2022-05-01', 0.01, 1);
insert into saving_account (account_id, branch_name, balance, open_date, rate, currency_type) values ('SA06', 'branch1', 26, '2022-06-01', 0.01, 1);
insert into saving_account (account_id, branch_name, balance, open_date, rate, currency_type) values ('SA07', 'branch1', 27, '2022-07-01', 0.01, 1);
insert into saving_account (account_id, branch_name, balance, open_date, rate, currency_type) values ('SA08', 'branch1', 28, '2022-08-01', 0.01, 1);
insert into saving_account (account_id, branch_name, balance, open_date, rate, currency_type) values ('SA09', 'branch1', 29, '2022-09-01', 0.01, 1);
insert into saving_account (account_id, branch_name, balance, open_date, rate, currency_type) values ('SA10', 'branch1', 10, '2022-10-01', 0.01, 1);
insert into saving_account (account_id, branch_name, balance, open_date, rate, currency_type) values ('SA11', 'branch1', 11, '2022-11-01', 0.01, 1);
insert into saving_account (account_id, branch_name, balance, open_date, rate, currency_type) values ('SA12', 'branch1', 12, '2022-12-01', 0.01, 1);
insert into saving_account (account_id, branch_name, balance, open_date, rate, currency_type) values ('SA13', 'branch1', 13, '2022-03-01', 0.01, 1);
insert into saving_account (account_id, branch_name, balance, open_date, rate, currency_type) values ('SA14', 'branch1', 14, '2022-05-01', 0.01, 1);
insert into saving_account (account_id, branch_name, balance, open_date, rate, currency_type) values ('SA15', 'branch1', 15, '2022-05-01', 0.01, 1);
insert into saving_account (account_id, branch_name, balance, open_date, rate, currency_type) values ('SA16', 'branch1', 16, '2022-05-01', 0.01, 1);
insert into saving_account (account_id, branch_name, balance, open_date, rate, currency_type) values ('SA17', 'branch1', 17, '2022-07-01', 0.01, 1);
insert into saving_account (account_id, branch_name, balance, open_date, rate, currency_type) values ('SA18', 'branch1', 18, '2022-11-01', 0.01, 1);
insert into saving_account (account_id, branch_name, balance, open_date, rate, currency_type) values ('SA19', 'branch1', 19, '2022-12-01', 0.01, 1);
insert into saving_account (account_id, branch_name, balance, open_date, rate, currency_type) values ('SA20', 'branch1', 20, '2022-12-01', 0.01, 1);

insert into saving_account (account_id, branch_name, balance, open_date, rate, currency_type) values ('SA35', 'branch2', 35, '2022-05-01', 0.01, 1);
insert into saving_account (account_id, branch_name, balance, open_date, rate, currency_type) values ('SA36', 'branch2', 36, '2022-05-01', 0.01, 1);
insert into saving_account (account_id, branch_name, balance, open_date, rate, currency_type) values ('SA37', 'branch2', 37, '2022-07-01', 0.01, 1);
insert into saving_account (account_id, branch_name, balance, open_date, rate, currency_type) values ('SA38', 'branch2', 38, '2022-11-01', 0.01, 1);
insert into saving_account (account_id, branch_name, balance, open_date, rate, currency_type) values ('SA39', 'branch2', 39, '2022-12-01', 0.01, 1);
insert into saving_account (account_id, branch_name, balance, open_date, rate, currency_type) values ('SA30', 'branch2', 30, '2022-12-01', 0.01, 1);

insert into saving_account (account_id, branch_name, balance, open_date, rate, currency_type) values ('SA21', 'branch1', 0, '2022-12-8', 4, 1);

insert into saving_account (account_id, branch_name, balance, open_date, rate, currency_type) values ('SA22', 'branch2', 2, '2022-4-8', 0, 4);

insert into saving_account (account_id, branch_name, balance, open_date, rate, currency_type) values ('SA23', 'branch1', 4, '2022-10-22', 1, 3);

insert into client_saving_account (client_id, account_id, latest_visit_date) values ('C001', 'SA01', '1002-4-11');

insert into client_saving_account (client_id, account_id, latest_visit_date) values ('C002', 'SA02', '440-11-11');

insert into client_saving_account (client_id, account_id, latest_visit_date) values ('C003', 'SA03', '1-1-1');

insert into checking_account (account_id, branch_name, balance, open_date, overdraft) values ('CA01', 'branch1', 2, '2022-3-17', 1);

insert into checking_account (account_id, branch_name, balance, open_date, overdraft) values ('CA11', 'branch2', 21, '2022-3-17', 1);
insert into checking_account (account_id, branch_name, balance, open_date, overdraft) values ('CA12', 'branch2', 22, '2022-6-17', 1);
insert into checking_account (account_id, branch_name, balance, open_date, overdraft) values ('CA13', 'branch2', 23, '2022-9-17', 1);
insert into checking_account (account_id, branch_name, balance, open_date, overdraft) values ('CA14', 'branch2', 24, '2022-12-17', 1);
insert into checking_account (account_id, branch_name, balance, open_date, overdraft) values ('CA15', 'branch2', 25, '2022-11-17', 1);

insert into client_check_account (client_id, account_id, latest_visit_date) values ('C001', 'CA01', '930-3-8 13:33:36');

insert into loan (loan_id, branch_name, loan_money, status, loan_date) values ('LN01', 'branch1', 01, 'not issue', '2022-01-01');
insert into loan (loan_id, branch_name, loan_money, status, loan_date) values ('LN02', 'branch1', 02, 'not issue', '2022-02-01');
insert into loan (loan_id, branch_name, loan_money, status, loan_date) values ('LN03', 'branch1', 03, 'not issue', '2022-03-01');
insert into loan (loan_id, branch_name, loan_money, status, loan_date) values ('LN04', 'branch1', 04, 'not issue', '2022-04-01');
insert into loan (loan_id, branch_name, loan_money, status, loan_date) values ('LN05', 'branch1', 05, 'not issue', '2022-05-01');
insert into loan (loan_id, branch_name, loan_money, status, loan_date) values ('LN06', 'branch1', 06, 'not issue', '2022-06-01');
insert into loan (loan_id, branch_name, loan_money, status, loan_date) values ('LN07', 'branch1', 07, 'not issue', '2022-07-01');
insert into loan (loan_id, branch_name, loan_money, status, loan_date) values ('LN08', 'branch1', 08, 'not issue', '2022-08-01');
insert into loan (loan_id, branch_name, loan_money, status, loan_date) values ('LN09', 'branch1', 09, 'not issue', '2022-09-01');
insert into loan (loan_id, branch_name, loan_money, status, loan_date) values ('LN10', 'branch1', 10, 'not issue', '2022-10-01');
insert into loan (loan_id, branch_name, loan_money, status, loan_date) values ('LN11', 'branch1', 11, 'not issue', '2022-11-01');
insert into loan (loan_id, branch_name, loan_money, status, loan_date) values ('LN12', 'branch1', 12, 'not issue', '2022-12-01');
insert into loan (loan_id, branch_name, loan_money, status, loan_date) values ('LN13', 'branch1', 13, 'not issue', '2022-03-01');
insert into loan (loan_id, branch_name, loan_money, status, loan_date) values ('LN14', 'branch1', 14, 'not issue', '2022-05-01');
insert into loan (loan_id, branch_name, loan_money, status, loan_date) values ('LN15', 'branch1', 15, 'not issue', '2022-05-01');
insert into loan (loan_id, branch_name, loan_money, status, loan_date) values ('LN16', 'branch1', 16, 'not issue', '2022-05-01');
insert into loan (loan_id, branch_name, loan_money, status, loan_date) values ('LN17', 'branch1', 17, 'not issue', '2022-07-01');
insert into loan (loan_id, branch_name, loan_money, status, loan_date) values ('LN18', 'branch1', 18, 'not issue', '2022-11-01');
insert into loan (loan_id, branch_name, loan_money, status, loan_date) values ('LN19', 'branch1', 19, 'not issue', '2022-12-01');
insert into loan (loan_id, branch_name, loan_money, status, loan_date) values ('LN20', 'branch1', 20, 'not issue', '2022-12-01');

insert into loan (loan_id, branch_name, loan_money, status, loan_date) values ('LN00', 'branch2', 10, 'issuing', '2022-5-24');

insert into pay_loan (loan_id, pay_date, pay_money) values ('LN00', '2022-5-25', 1);

insert into client_loan (client_id, loan_id) values ('C001', 'LN01');